Place of interest,Place address,BiciMAD station,Station location,Distance,Available Bikes,URL google maps
Colegio Público Adolfo Suárez,CALLE INFANTA CATALINA MICAELA 31,Manuel Caldeiro,Paseo de la Castellana nº 298,3796.3942398964855,9,https://www.google.com/maps/dir/Colegio+Público+Adolfo+Suárez/Bicimad+Manuel+Caldeiro
Colegio Público Agustina Díez,CALLE VESUBIO 5,Sierra Toledana,Camino de Valderribas nº 94,1932.1238565239294,10,https://www.google.com/maps/dir/Colegio+Público+Agustina+Díez/Bicimad+Sierra+Toledana
Colegio Público Agustín Rodriguez Sahagún,CALLE LA GRANJA DE SAN ILDEFONSO 17,Pavones,Calle Hacienda de Pavones nº 342,3856.153930695459,11,https://www.google.com/maps/dir/Colegio+Público+Agustín+Rodriguez+Sahagún/Bicimad+Pavones
Colegio Público Alberto Alcocer,AVENIDA CANILLEJAS A VICALVARO 56,Gutierre de Cetina,Calle Gutierre de Cetina nº 77,3253.4711167218056,13,https://www.google.com/maps/dir/Colegio+Público+Alberto+Alcocer/Bicimad+Gutierre+de+Cetina
Colegio Público Alcalde de Móstoles,CALLE ALDEANUEVA DE LA VERA 9,Caramuel,Calle Caramuel nº 51,6261.761114560321,5,https://www.google.com/maps/dir/Colegio+Público+Alcalde+de+Móstoles/Bicimad+Caramuel
Colegio Público Alfonso X El Sabio,CALLE FUENTE DE SAN PEDRO 6,Pavones,Calle Hacienda de Pavones nº 342,3460.1728042128807,11,https://www.google.com/maps/dir/Colegio+Público+Alfonso+X+El+Sabio/Bicimad+Pavones
Colegio Público Alfredo di Stefano,calle felix candela 4,Gutierre de Cetina,Calle Gutierre de Cetina nº 77,3253.4711167218056,13,https://www.google.com/maps/dir/Colegio+Público+Alfredo+di+Stefano/Bicimad+Gutierre+de+Cetina
Colegio Público Alhambra,CALLE RAMON GOMEZ DE LA SERNA 103,Facultad Derecho,Avenida Complutense nº 23,3619.2484908882893,9,https://www.google.com/maps/dir/Colegio+Público+Alhambra/Bicimad+Facultad+Derecho
Colegio Público Amadeo Vives,CALLE LOS YEBENES 6,Caramuel,Calle Caramuel nº 51,3267.146947373068,5,https://www.google.com/maps/dir/Colegio+Público+Amadeo+Vives/Bicimad+Caramuel
Colegio Público Amador de los Ríos,PASEO MARQUES DE ZAFRA 16,Doctor Esquerdo-Hermosilla,Calle Hermosilla nº 135,318.4255085840301,11,https://www.google.com/maps/dir/Colegio+Público+Amador+de+los+Ríos/Bicimad+Doctor+Esquerdo-Hermosilla
Colegio Público Amós Acero,CALLE RODRIGUEZ ESPINOSA 54,Concordia,Calle Arroyo del Olivar nº 6,468.28926332620364,2,https://www.google.com/maps/dir/Colegio+Público+Amós+Acero/Bicimad+Concordia
Colegio Público Angel Nieto,AVENIDA LAS SUERTES 109,Pavones,Calle Hacienda de Pavones nº 342,6818.125902220048,11,https://www.google.com/maps/dir/Colegio+Público+Angel+Nieto/Bicimad+Pavones
Colegio Público Antonio Fontan,AVENIDA SANTUARIO DE VALVERDE 71,Pedro Rico,Calle Pedro Rico nº 4,3446.5490646603603,2,https://www.google.com/maps/dir/Colegio+Público+Antonio+Fontan/Bicimad+Pedro+Rico
Colegio Público Antonio Machado,CALLE ALLARIZ 3,Marqués de Vadillo,Glorieta Marqués de Vadillo nº 9,5419.609347934054,4,https://www.google.com/maps/dir/Colegio+Público+Antonio+Machado/Bicimad+Marqués+de+Vadillo
Colegio Público Antonio Moreno Rosales,CALLE OLMO 4,Jesús y María,Calle Lavapiés nº 34,200.38835371517627,5,https://www.google.com/maps/dir/Colegio+Público+Antonio+Moreno+Rosales/Bicimad+Jesús+y+María
Colegio Público Antonio de Nebrija,CALLE JUAN JOSE MARTINEZ SECO 77,Embajadores 191,Calle Sodio nº 1B,4188.4015413986135,8,https://www.google.com/maps/dir/Colegio+Público+Antonio+de+Nebrija/Bicimad+Embajadores+191
Colegio Público Aragón,AVENIDA RAFAEL ALBERTI 2,Pavones,Calle Hacienda de Pavones nº 342,935.5004197648864,11,https://www.google.com/maps/dir/Colegio+Público+Aragón/Bicimad+Pavones
Colegio Público Aravaca,CALLE ESTUDIO 6,Facultad Derecho,Avenida Complutense nº 23,6372.656651466712,9,https://www.google.com/maps/dir/Colegio+Público+Aravaca/Bicimad+Facultad+Derecho
Colegio Público Arcipreste de Hita,CALLE ANTONIO MORENO 25,Marqués de Vadillo,Glorieta Marqués de Vadillo nº 9,1799.9096745032641,4,https://www.google.com/maps/dir/Colegio+Público+Arcipreste+de+Hita/Bicimad+Marqués+de+Vadillo
Colegio Público Arquitecto Gaudí,CALLE ROSA JARDON 10,Pío XII,Avenida Pío XII nº 3,1057.1744527615588,5,https://www.google.com/maps/dir/Colegio+Público+Arquitecto+Gaudí/Bicimad+Pío+XII
Colegio Público Asturias,CALLE ASTURIANOS 2,Pavones,Calle Hacienda de Pavones nº 342,2119.2807233444555,11,https://www.google.com/maps/dir/Colegio+Público+Asturias/Bicimad+Pavones
Colegio Público Ausias March,CALLE ESTEFANITA 9,Embajadores 191,Calle Sodio nº 1B,5289.300378147228,8,https://www.google.com/maps/dir/Colegio+Público+Ausias+March/Bicimad+Embajadores+191
Colegio Público Azorín,CALLE GODELLA 57,Embajadores 191,Calle Sodio nº 1B,5173.436399213045,8,https://www.google.com/maps/dir/Colegio+Público+Azorín/Bicimad+Embajadores+191
Colegio Público Barcelona,AVENIDA LA VERBENA DE LA PALOMA 14,Glorieta de Cádiz,Calle Antonio López nº 129,3427.3505816924985,12,https://www.google.com/maps/dir/Colegio+Público+Barcelona/Bicimad+Glorieta+de+Cádiz
Colegio Público Blas de Lezo,CALLE FROMISTA 27,Pedro Rico,Calle Pedro Rico nº 4,3838.018385228929,2,https://www.google.com/maps/dir/Colegio+Público+Blas+de+Lezo/Bicimad+Pedro+Rico
Colegio Público Blas de Otero,CALLE PUENTELARRA 34,Pavones,Calle Hacienda de Pavones nº 342,3300.764619099777,11,https://www.google.com/maps/dir/Colegio+Público+Blas+de+Otero/Bicimad+Pavones
Colegio Público Bolivia,CALLE VILLAVALIENTE 29,Caramuel,Calle Caramuel nº 51,2386.428397853959,5,https://www.google.com/maps/dir/Colegio+Público+Bolivia/Bicimad+Caramuel
Colegio Público Bravo Murillo,CALLE ISLAS CIES 11,Francos Rodríguez,Calle Francos Rodríguez nº 62,2875.6952380731736,8,https://www.google.com/maps/dir/Colegio+Público+Bravo+Murillo/Bicimad+Francos+Rodríguez
Colegio Público Breogán,CALLE GINZO DE LIMIA 2,Remonta,Calle Azucenas nº 1,1490.7085619073357,4,https://www.google.com/maps/dir/Colegio+Público+Breogán/Bicimad+Remonta
Colegio Público Calderón de la Barca,CALLE CALDERON 2,Gutierre de Cetina,Calle Gutierre de Cetina nº 77,7824.138677173688,13,https://www.google.com/maps/dir/Colegio+Público+Calderón+de+la+Barca/Bicimad+Gutierre+de+Cetina
Colegio Público Camilo José Cela,CALLE MELCHOR FERNANDEZ ALMAGRO 22,Pedro Rico,Calle Pedro Rico nº 4,1415.1398946766672,2,https://www.google.com/maps/dir/Colegio+Público+Camilo+José+Cela/Bicimad+Pedro+Rico
Colegio Público Capitán Cortés,CALLE MONSEÑOR OSCAR ROMERO 17,Marqués de Vadillo,Glorieta Marqués de Vadillo nº 9,3507.7411369122656,4,https://www.google.com/maps/dir/Colegio+Público+Capitán+Cortés/Bicimad+Marqués+de+Vadillo
Colegio Público Cardenal Herrera Oria,CALLE FERMIN CABALLERO 68,Pedro Rico,Calle Pedro Rico nº 4,2528.194737035252,2,https://www.google.com/maps/dir/Colegio+Público+Cardenal+Herrera+Oria/Bicimad+Pedro+Rico
Colegio Público Carlos Sáinz de los Terreros,CALLE CARTAMA 1,Pavones,Calle Hacienda de Pavones nº 342,1801.027426700501,11,https://www.google.com/maps/dir/Colegio+Público+Carlos+Sáinz+de+los+Terreros/Bicimad+Pavones
Colegio Público Carlos V,CALLE VIRGEN DEL VAL 3,Avenida Donostiarra,Calle Virgen de la Alegría nº 18,264.91304747408594,22,https://www.google.com/maps/dir/Colegio+Público+Carlos+V/Bicimad+Avenida+Donostiarra
Colegio Público Carmen Cabezuelo,CALLE CANGAS DE ONIS 7,Gutierre de Cetina,Calle Gutierre de Cetina nº 77,1357.0722648710184,13,https://www.google.com/maps/dir/Colegio+Público+Carmen+Cabezuelo/Bicimad+Gutierre+de+Cetina
Colegio Público Carmen Laforet,CALLE TITANIO 16,Pavones,Calle Hacienda de Pavones nº 342,3971.564979086387,11,https://www.google.com/maps/dir/Colegio+Público+Carmen+Laforet/Bicimad+Pavones
Colegio Público Cervantes,CALLE RAIMUNDO FERNANDEZ VILLAVERDE 4,Glorieta de los Cuatro Caminos,Calle Santa Engracia nº 168,67.54714034859269,10,https://www.google.com/maps/dir/Colegio+Público+Cervantes/Bicimad+Glorieta+de+los+Cuatro+Caminos
Colegio Público Ciudad Pegaso,AVENIDA SEPTIMA 12,Gutierre de Cetina,Calle Gutierre de Cetina nº 77,5174.80324696222,13,https://www.google.com/maps/dir/Colegio+Público+Ciudad+Pegaso/Bicimad+Gutierre+de+Cetina
Colegio Público Ciudad de Badajoz,CALLE FRAY JOSE CERDEIRIÑA 51,Caramuel,Calle Caramuel nº 51,6277.747282976473,5,https://www.google.com/maps/dir/Colegio+Público+Ciudad+de+Badajoz/Bicimad+Caramuel
Colegio Público Ciudad de Córdoba,CALLE LILLO 1,Glorieta de Cádiz,Calle Antonio López nº 129,2956.0633215564503,12,https://www.google.com/maps/dir/Colegio+Público+Ciudad+de+Córdoba/Bicimad+Glorieta+de+Cádiz
Colegio Público Ciudad de Guadalajara,CALLE BERGANTIN 13,Gutierre de Cetina,Calle Gutierre de Cetina nº 77,7063.603090606083,13,https://www.google.com/maps/dir/Colegio+Público+Ciudad+de+Guadalajara/Bicimad+Gutierre+de+Cetina
Colegio Público Ciudad de Jaén,CALLE MADRE ROSA BLANCO 3,Glorieta de Cádiz,Calle Antonio López nº 129,1825.2118679555028,12,https://www.google.com/maps/dir/Colegio+Público+Ciudad+de+Jaén/Bicimad+Glorieta+de+Cádiz
Colegio Público Ciudad de Roma,CALLE JUAN ESPLANDIU 2,Parque Roma,Calle Alcalde Sáinz de Baranda frente al nº 107,318.4489044976303,12,https://www.google.com/maps/dir/Colegio+Público+Ciudad+de+Roma/Bicimad+Parque+Roma
Colegio Público Ciudad de Valencia,AVENIDA MEDITERRANEO 91,Pavones,Calle Hacienda de Pavones nº 342,3763.0969158662338,11,https://www.google.com/maps/dir/Colegio+Público+Ciudad+de+Valencia/Bicimad+Pavones
Colegio Público Ciudad de Zaragoza,CALLE MANUEL AGUILAR MUÑOZ 1,Gutierre de Cetina,Calle Gutierre de Cetina nº 77,6513.363527286996,13,https://www.google.com/maps/dir/Colegio+Público+Ciudad+de+Zaragoza/Bicimad+Gutierre+de+Cetina
Colegio Público Ciudad de los Ángeles,CALLE LA ALEGRIA DE LA HUERTA 6,Glorieta de Cádiz,Calle Antonio López nº 129,3735.4002673667223,12,https://www.google.com/maps/dir/Colegio+Público+Ciudad+de+los+Ángeles/Bicimad+Glorieta+de+Cádiz
Colegio Público Claudio Moyano,CALLE CEA BERMUDEZ 26,Parque Santander,Calle Santander esquina con Avenida de Filipinas,256.1067806829495,13,https://www.google.com/maps/dir/Colegio+Público+Claudio+Moyano/Bicimad+Parque+Santander
Colegio Público Complejo Escolar Príncipe Felipe,AVENIDA MONFORTE DE LEMOS 24,Pedro Rico,Calle Pedro Rico nº 4,1403.0044338824484,2,https://www.google.com/maps/dir/Colegio+Público+Complejo+Escolar+Príncipe+Felipe/Bicimad+Pedro+Rico
Colegio Público Concepción Arenal,CALLE ANTONIO LOPEZ 1,Marqués de Vadillo,Glorieta Marqués de Vadillo nº 9,194.7266522771596,4,https://www.google.com/maps/dir/Colegio+Público+Concepción+Arenal/Bicimad+Marqués+de+Vadillo
Colegio Público Concha Espina,CALLE GERARDO DIEGO 6,Pavones,Calle Hacienda de Pavones nº 342,1931.0802039972675,11,https://www.google.com/maps/dir/Colegio+Público+Concha+Espina/Bicimad+Pavones
Colegio Público Conde de Romanones,CALLE ELFO 143,C.D. Concepción,Calle Jose del Hierro nº 5,673.1614668401803,6,https://www.google.com/maps/dir/Colegio+Público+Conde+de+Romanones/Bicimad+C.D.+Concepción
Colegio Público Cortes de Cádiz,AVENIDA NICETO ALCALA ZAMORA 48,Manuel Caldeiro,Paseo de la Castellana nº 298,3927.0987317894683,9,https://www.google.com/maps/dir/Colegio+Público+Cortes+de+Cádiz/Bicimad+Manuel+Caldeiro
Colegio Público Costa Rica,CALLE CAMARENA 247,Caramuel,Calle Caramuel nº 51,4037.5970279230414,5,https://www.google.com/maps/dir/Colegio+Público+Costa+Rica/Bicimad+Caramuel
Colegio Público Cristóbal Colón,CARRETERA CARABANCHEL A VILLAVERDE 109,Glorieta de Cádiz,Calle Antonio López nº 129,4346.754164006924,12,https://www.google.com/maps/dir/Colegio+Público+Cristóbal+Colón/Bicimad+Glorieta+de+Cádiz
Colegio Público Cuba,CALLE TEMBLEQUE 58,Caramuel,Calle Caramuel nº 51,3987.1128332943053,5,https://www.google.com/maps/dir/Colegio+Público+Cuba/Bicimad+Caramuel
Colegio Público Daniel Vázquez Díaz,CALLE ARMENTEROS 46,Francos Rodríguez,Calle Francos Rodríguez nº 62,1056.0474172178435,8,https://www.google.com/maps/dir/Colegio+Público+Daniel+Vázquez+Díaz/Bicimad+Francos+Rodríguez
Colegio Público Dionisio Ridruejo,CALLE ZIPAQUIRA 14,Carlota O’Neill,Calle Carlota O'Neill nº 32,3637.7639290207635,14,https://www.google.com/maps/dir/Colegio+Público+Dionisio+Ridruejo/Bicimad+Carlota+O’Neill
Colegio Público Doctor Conde Arruga,CALLE HACIENDA DE PAVONES 105,Marroquina,Calle Camino de los Vinateros nº 108,604.2911006434575,16,https://www.google.com/maps/dir/Colegio+Público+Doctor+Conde+Arruga/Bicimad+Marroquina
Colegio Público Doctor Federico Rubio,AVENIDA DOCTOR FEDERICO RUBIO Y GALI 53,Pablo Iglesias,Calle Francisco Balseiro nº 1,152.4713275640646,16,https://www.google.com/maps/dir/Colegio+Público+Doctor+Federico+Rubio/Bicimad+Pablo+Iglesias
Colegio Público Doctor Severo Ochoa,CALLE EZCARAY 3,Pavones,Calle Hacienda de Pavones nº 342,2581.1521447118184,11,https://www.google.com/maps/dir/Colegio+Público+Doctor+Severo+Ochoa/Bicimad+Pavones
Colegio Público Doctor Tolosa Latour,CALLE ASTURIANOS 4,Pavones,Calle Hacienda de Pavones nº 342,2205.4263118846598,11,https://www.google.com/maps/dir/Colegio+Público+Doctor+Tolosa+Latour/Bicimad+Pavones
Colegio Público Dámaso Alonso,AVENIDA ESPINELA 1,Glorieta de Cádiz,Calle Antonio López nº 129,4875.735076568373,12,https://www.google.com/maps/dir/Colegio+Público+Dámaso+Alonso/Bicimad+Glorieta+de+Cádiz
Colegio Público EEUU - Huarte de San Juan,PASEO COMANDANTE FORTEA 71,Paseo de Moret,Paseo de Moret nº 11,1099.3995463237354,9,https://www.google.com/maps/dir/Colegio+Público+EEUU+-+Huarte+de+San+Juan/Bicimad+Paseo+de+Moret
Colegio Público Eduardo Rojo,CALLE EDUARDO ROJO 5,Concordia,Calle Arroyo del Olivar nº 6,793.7275771736478,2,https://www.google.com/maps/dir/Colegio+Público+Eduardo+Rojo/Bicimad+Concordia
Colegio Público El Espinillo,CALLE UNANIMIDAD 1,Embajadores 191,Calle Sodio nº 1B,3099.1806796793335,8,https://www.google.com/maps/dir/Colegio+Público+El+Espinillo/Bicimad+Embajadores+191
Colegio Público El Greco,CALLE ESTEFANITA 7,Embajadores 191,Calle Sodio nº 1B,5166.267551065543,8,https://www.google.com/maps/dir/Colegio+Público+El+Greco/Bicimad+Embajadores+191
Colegio Público El Madroño,CALLE LAS MARISMAS 14,Plaza del Encuentro,Calle Arroyo de las Pilillas nº 6,572.5640031769813,19,https://www.google.com/maps/dir/Colegio+Público+El+Madroño/Bicimad+Plaza+del+Encuentro
Colegio Público El Quijote,CALLE FUENTIDUEÑA 4,Pavones,Calle Hacienda de Pavones nº 342,3078.9116280384496,11,https://www.google.com/maps/dir/Colegio+Público+El+Quijote/Bicimad+Pavones
Colegio Público El Sol,AVENIDA CANILLEJAS A VICALVARO 82,Gutierre de Cetina,Calle Gutierre de Cetina nº 77,3330.444823195449,13,https://www.google.com/maps/dir/Colegio+Público+El+Sol/Bicimad+Gutierre+de+Cetina
Colegio Público Emilia Pardo Bazán,CALLE VENTORRILLO 14,Ribera de Curtidores,Calle Ribera de Curtidores nº 28,241.4521111391668,19,https://www.google.com/maps/dir/Colegio+Público+Emilia+Pardo+Bazán/Bicimad+Ribera+de+Curtidores
Colegio Público Ermita del Santo,PASEO ERMITA DEL SANTO 18,Ermita Santo,Paseo de la Ermita del Santo nº 48,470.2865125687094,10,https://www.google.com/maps/dir/Colegio+Público+Ermita+del+Santo/Bicimad+Ermita+Santo
Colegio Público Escuelas Aguirre,CALLE PIO BAROJA 4,Pío Baroja,Calle Pío Baroja nº 10,140.63588010128603,15,https://www.google.com/maps/dir/Colegio+Público+Escuelas+Aguirre/Bicimad+Pío+Baroja
Colegio Público Escuelas Bosque,AVENIDA SANTO ANGEL DE LA GUARDA 4,Francos Rodríguez,Calle Francos Rodríguez nº 62,564.5788257318676,8,https://www.google.com/maps/dir/Colegio+Público+Escuelas+Bosque/Bicimad+Francos+Rodríguez
Colegio Público Esperanza,CALLE ANDORRA 12,Carlota O’Neill,Calle Carlota O'Neill nº 32,2006.0594493611104,14,https://www.google.com/maps/dir/Colegio+Público+Esperanza/Bicimad+Carlota+O’Neill
Colegio Público Eugenio María de Hostos,CALLE VALDEVARNES 26,Francos Rodríguez,Calle Francos Rodríguez nº 62,1761.4127015299134,8,https://www.google.com/maps/dir/Colegio+Público+Eugenio+María+de+Hostos/Bicimad+Francos+Rodríguez
Colegio Público Felipe II,AVENIDA ASTURIAS 70,Remonta,Calle Azucenas nº 1,1122.2086927975292,4,https://www.google.com/maps/dir/Colegio+Público+Felipe+II/Bicimad+Remonta
Colegio Público Fernando el Católico,CALLE FERNANDO EL CATOLICO 16,Fernando el Católico,Calle Fernando el Católico nº 19,147.7415517511611,6,https://www.google.com/maps/dir/Colegio+Público+Fernando+el+Católico/Bicimad+Fernando+el+Católico
Colegio Público Fernández de Moratín,AVENIDA VALLADOLID 2,Paseo de Moret,Paseo de Moret nº 11,717.076710893469,9,https://www.google.com/maps/dir/Colegio+Público+Fernández+de+Moratín/Bicimad+Paseo+de+Moret
Colegio Público Filósofo Séneca,CALLE SANTA ADELA 21,Pío XII,Avenida Pío XII nº 3,3604.7753433153366,5,https://www.google.com/maps/dir/Colegio+Público+Filósofo+Séneca/Bicimad+Pío+XII
Colegio Público Fontarrón,CALLE ARROYO FONTARRON 24,Pavones,Calle Hacienda de Pavones nº 342,595.7075301308042,11,https://www.google.com/maps/dir/Colegio+Público+Fontarrón/Bicimad+Pavones
Colegio Público Francisco Arranz,CALLE SONDICA 2,Caramuel,Calle Caramuel nº 51,5380.628144711094,5,https://www.google.com/maps/dir/Colegio+Público+Francisco+Arranz/Bicimad+Caramuel
Colegio Público Francisco Fatóu,CAMINO SUERTE 23,Pavones,Calle Hacienda de Pavones nº 342,3258.313853956437,11,https://www.google.com/maps/dir/Colegio+Público+Francisco+Fatóu/Bicimad+Pavones
Colegio Público Francisco Ruano,CALLE ALMURADIEL 150,Méndez Álvaro,Calle Retama nº 5,1586.038981504765,15,https://www.google.com/maps/dir/Colegio+Público+Francisco+Ruano/Bicimad+Méndez+Álvaro
Colegio Público Francisco de Goya,CALLE ANTILLON 23,Caramuel,Calle Caramuel nº 51,243.15175763412697,5,https://www.google.com/maps/dir/Colegio+Público+Francisco+de+Goya/Bicimad+Caramuel
Colegio Público Francisco de Luis,CALLE CORREGIDOR RODRIGO RODRIGUEZ 5,Camino Vinateros,Calle Camino de los Vinateros nº 28,336.7530661815207,12,https://www.google.com/maps/dir/Colegio+Público+Francisco+de+Luis/Bicimad+Camino+Vinateros
Colegio Público Francisco de Quevedo,CALLE GRANADA 16,Puerta de Granada,Avenida de Menéndez Pelayo nº 38,126.55610683040013,12,https://www.google.com/maps/dir/Colegio+Público+Francisco+de+Quevedo/Bicimad+Puerta+de+Granada
Colegio Público Fray Junípero Serra,CAMINO VALDERRIBAS 120,Sierra Toledana,Camino de Valderribas nº 94,505.5330399439195,10,https://www.google.com/maps/dir/Colegio+Público+Fray+Junípero+Serra/Bicimad+Sierra+Toledana
Colegio Público Gabriela Mistral,CALLE MIRALLOS 3,Manuel Caldeiro,Paseo de la Castellana nº 298,3727.77869041903,9,https://www.google.com/maps/dir/Colegio+Público+Gabriela+Mistral/Bicimad+Manuel+Caldeiro
Colegio Público Gandhi,CALLE GANDHI 10,Gutierre de Cetina,Calle Gutierre de Cetina nº 77,830.9652051304188,13,https://www.google.com/maps/dir/Colegio+Público+Gandhi/Bicimad+Gutierre+de+Cetina
Colegio Público Garcilaso de la Vega,CALLE TREFACIO 18,Carlota O’Neill,Calle Carlota O'Neill nº 32,3076.417702686928,14,https://www.google.com/maps/dir/Colegio+Público+Garcilaso+de+la+Vega/Bicimad+Carlota+O’Neill
Colegio Público García Morente,RONDA SUR 229,Concordia,Calle Arroyo del Olivar nº 6,2278.5255709487665,2,https://www.google.com/maps/dir/Colegio+Público+García+Morente/Bicimad+Concordia
Colegio Público Giner de los Ríos,CALLE MEMBEZAR 25,Concordia,Calle Arroyo del Olivar nº 6,1616.9256307486664,2,https://www.google.com/maps/dir/Colegio+Público+Giner+de+los+Ríos/Bicimad+Concordia
Colegio Público Gloria Fuertes,CALLE CENSO 3,Glorieta de Cádiz,Calle Antonio López nº 129,2255.252676765645,12,https://www.google.com/maps/dir/Colegio+Público+Gloria+Fuertes/Bicimad+Glorieta+de+Cádiz
Colegio Público Gonzalo Fernández de Córdoba,CALLE ADANERO 3,Caramuel,Calle Caramuel nº 51,5904.14041528848,5,https://www.google.com/maps/dir/Colegio+Público+Gonzalo+Fernández+de+Córdoba/Bicimad+Caramuel
Colegio Público Gonzalo de Berceo,AVENIDA ABRANTES 5,Marqués de Vadillo,Glorieta Marqués de Vadillo nº 9,1623.1592725549203,4,https://www.google.com/maps/dir/Colegio+Público+Gonzalo+de+Berceo/Bicimad+Marqués+de+Vadillo
Colegio Público Guindalera,CALLE BOSTON 3,Camilo José Cela,Avenida de Camilo José Cela nº 23,103.18422075091061,8,https://www.google.com/maps/dir/Colegio+Público+Guindalera/Bicimad+Camilo+José+Cela
Colegio Público Gustavo Adolfo Bécquer,CALLE SANTA GENOVEVA 32,Marqués de Corbera 52,Avenida Marqués de Corbera nº 52,329.80311446399156,7,https://www.google.com/maps/dir/Colegio+Público+Gustavo+Adolfo+Bécquer/Bicimad+Marqués+de+Corbera+52
Colegio Público Haití,CALLE GUABAIRO 22,Caramuel,Calle Caramuel nº 51,3246.758330780944,5,https://www.google.com/maps/dir/Colegio+Público+Haití/Bicimad+Caramuel
Colegio Público Hermanos Pinzón,CALLE AZOR 4,Caramuel,Calle Caramuel nº 51,4643.52139903896,5,https://www.google.com/maps/dir/Colegio+Público+Hermanos+Pinzón/Bicimad+Caramuel
Colegio Público Hernán Cortés,CALLE LOS YEBENES 241,Caramuel,Calle Caramuel nº 51,3230.123898599481,5,https://www.google.com/maps/dir/Colegio+Público+Hernán+Cortés/Bicimad+Caramuel
Colegio Público Honduras,PASEO FEDERICO GARCIA LORCA 19,Pavones,Calle Hacienda de Pavones nº 342,2951.877112237802,11,https://www.google.com/maps/dir/Colegio+Público+Honduras/Bicimad+Pavones
Colegio Público Hortaleza,CALLE VALDETORRES DE JARAMA 1,Carlota O’Neill,Calle Carlota O'Neill nº 32,3201.685935952046,14,https://www.google.com/maps/dir/Colegio+Público+Hortaleza/Bicimad+Carlota+O’Neill
Colegio Público Infanta Leonor,CALLE MONASTERIO DE EL PAULAR 140,Pedro Rico,Calle Pedro Rico nº 4,3293.1994903044433,2,https://www.google.com/maps/dir/Colegio+Público+Infanta+Leonor/Bicimad+Pedro+Rico
Colegio Público Isaac Albéniz,CALLE DRACENA 29,Pío XII,Avenida Pío XII nº 3,987.7896122388271,5,https://www.google.com/maps/dir/Colegio+Público+Isaac+Albéniz/Bicimad+Pío+XII
Colegio Público Isaac Peral,GLORIETA RUFINO NOVALVOS 5,Marqués de Vadillo,Glorieta Marqués de Vadillo nº 9,2080.300778076727,4,https://www.google.com/maps/dir/Colegio+Público+Isaac+Peral/Bicimad+Marqués+de+Vadillo
Colegio Público Isabel la Católica,CALLE BARCELO 2,Barceló,Calle Barceló nº 7,78.21756507546027,17,https://www.google.com/maps/dir/Colegio+Público+Isabel+la+Católica/Bicimad+Barceló
Colegio Público Jaime Balmes,CALLE SIERRA DE LA SOLANA 2,Concordia,Calle Arroyo del Olivar nº 6,851.4809763964519,2,https://www.google.com/maps/dir/Colegio+Público+Jaime+Balmes/Bicimad+Concordia
Colegio Público Jaime Vera,CALLE BRAVO MURILLO 162,Estrecho,Calle Navarra nº 1,119.02399567869811,2,https://www.google.com/maps/dir/Colegio+Público+Jaime+Vera/Bicimad+Estrecho
Colegio Público Javier de Miguel,CALLE JAVIER DE MIGUEL 90,Concordia,Calle Arroyo del Olivar nº 6,1293.4742436108252,2,https://www.google.com/maps/dir/Colegio+Público+Javier+de+Miguel/Bicimad+Concordia
Colegio Público Joaquín Costa,PASEO PONTONES 8,Paseo Imperial,Paseo Imperial nº 20,377.55155863257926,11,https://www.google.com/maps/dir/Colegio+Público+Joaquín+Costa/Bicimad+Paseo+Imperial
Colegio Público Joaquín Dicenta,PASEO OLIVOS 70,Caramuel,Calle Caramuel nº 51,1165.9198913869375,5,https://www.google.com/maps/dir/Colegio+Público+Joaquín+Dicenta/Bicimad+Caramuel
Colegio Público Joaquín Turina,CALLE ARTURO SORIA 332,Manuel Caldeiro,Paseo de la Castellana nº 298,2123.1470443631533,9,https://www.google.com/maps/dir/Colegio+Público+Joaquín+Turina/Bicimad+Manuel+Caldeiro
Colegio Público Jorge Guillén,AVENIDA EL FERROL 47,Remonta,Calle Azucenas nº 1,1791.6291464722306,4,https://www.google.com/maps/dir/Colegio+Público+Jorge+Guillén/Bicimad+Remonta
Colegio Público Jorge Manrique,PLAZA PINTOR LUCAS 17,San Delfín,Calle San Delfín nº 9,747.7660121205145,3,https://www.google.com/maps/dir/Colegio+Público+Jorge+Manrique/Bicimad+San+Delfín
Colegio Público Josep Tarradellas,CALLE TRIACASTELA 1,Manuel Caldeiro,Paseo de la Castellana nº 298,3764.0869200431853,9,https://www.google.com/maps/dir/Colegio+Público+Josep+Tarradellas/Bicimad+Manuel+Caldeiro
Colegio Público José Bergamín,CALLE BRAILLE 19,Pedro Rico,Calle Pedro Rico nº 4,1815.0663802991685,2,https://www.google.com/maps/dir/Colegio+Público+José+Bergamín/Bicimad+Pedro+Rico
Colegio Público José Calvo Sotelo,AVENIDA CIUDAD DE BARCELONA 83,Pedro Bosch,Calle Cerro de la Plata nº 2,70.93320407186157,19,https://www.google.com/maps/dir/Colegio+Público+José+Calvo+Sotelo/Bicimad+Pedro+Bosch
Colegio Público José María de Pereda,CALLE MESTANZA 94,Méndez Álvaro,Calle Retama nº 5,1374.2687730359116,15,https://www.google.com/maps/dir/Colegio+Público+José+María+de+Pereda/Bicimad+Méndez+Álvaro
Colegio Público José Ortega y Gasset,CALLE ORENSE 87,Remonta,Calle Azucenas nº 1,383.8008773578655,4,https://www.google.com/maps/dir/Colegio+Público+José+Ortega+y+Gasset/Bicimad+Remonta
Colegio Público José de Echegaray,CALLE PUENTEDEY 14,Pavones,Calle Hacienda de Pavones nº 342,4218.226594150226,11,https://www.google.com/maps/dir/Colegio+Público+José+de+Echegaray/Bicimad+Pavones
Colegio Público Jovellanos,CALLE MONROY 34,Caramuel,Calle Caramuel nº 51,6927.774621509151,5,https://www.google.com/maps/dir/Colegio+Público+Jovellanos/Bicimad+Caramuel
Colegio Público Juan Gris,CALLE MUELA DE SAN JUAN 31,Pavones,Calle Hacienda de Pavones nº 342,3637.4061545849336,11,https://www.google.com/maps/dir/Colegio+Público+Juan+Gris/Bicimad+Pavones
Colegio Público Juan Ramón Jiménez,CALLE MARQUES DE VIANA 58,Metro Tetuán,Calle Marqués de Viana nº 3,550.02745540171,3,https://www.google.com/maps/dir/Colegio+Público+Juan+Ramón+Jiménez/Bicimad+Metro+Tetuán
Colegio Público Juan Sebastián Elcano,CALLE MIRASIERRA 29,Antonio López,Calle Eugenio Caxes frente al nº 12,383.95960162382937,17,https://www.google.com/maps/dir/Colegio+Público+Juan+Sebastián+Elcano/Bicimad+Antonio+López
Colegio Público Juan Zaragüeta,CALLE VIA DE LOS POBLADOS 19,Carlota O’Neill,Calle Carlota O'Neill nº 32,3742.6398015658788,14,https://www.google.com/maps/dir/Colegio+Público+Juan+Zaragüeta/Bicimad+Carlota+O’Neill
Colegio Público Juan de la Cierva,CALLE VILLARROSA 7,Embajadores 191,Calle Sodio nº 1B,3876.4549426683798,8,https://www.google.com/maps/dir/Colegio+Público+Juan+de+la+Cierva/Bicimad+Embajadores+191
Colegio Público Julián Besteiro,AVENIDA ABRANTES 79,Marqués de Vadillo,Glorieta Marqués de Vadillo nº 9,2348.7332255043293,4,https://www.google.com/maps/dir/Colegio+Público+Julián+Besteiro/Bicimad+Marqués+de+Vadillo
Colegio Público Julián Marías,CALLE BUDAPEST 11,Gutierre de Cetina,Calle Gutierre de Cetina nº 77,4294.62289616082,13,https://www.google.com/maps/dir/Colegio+Público+Julián+Marías/Bicimad+Gutierre+de+Cetina
Colegio Público La Alameda,CALLE MUSAS 9,Gutierre de Cetina,Calle Gutierre de Cetina nº 77,3737.422301551575,13,https://www.google.com/maps/dir/Colegio+Público+La+Alameda/Bicimad+Gutierre+de+Cetina
Colegio Público La Dehesa del Príncipe,PASEO LANCEROS 4,Caramuel,Calle Caramuel nº 51,7996.76327834091,5,https://www.google.com/maps/dir/Colegio+Público+La+Dehesa+del+Príncipe/Bicimad+Caramuel
Colegio Público La Latina,CALLE MAQUEDA 130,Caramuel,Calle Caramuel nº 51,4363.44476272609,5,https://www.google.com/maps/dir/Colegio+Público+La+Latina/Bicimad+Caramuel
Colegio Público La Rioja,CALLE LEON FELIPE 3,Pavones,Calle Hacienda de Pavones nº 342,1386.8348116044997,11,https://www.google.com/maps/dir/Colegio+Público+La+Rioja/Bicimad+Pavones
Colegio Público Legado Crespo,PASEO ACACIAS 2,Embajadores 1,Glorieta de Embajadores nº 6,121.57465038565786,15,https://www.google.com/maps/dir/Colegio+Público+Legado+Crespo/Bicimad+Embajadores+1
Colegio Público Leopoldo Alas,CALLE PEDREZUELA 18,Marqués de Corbera 52,Avenida Marqués de Corbera nº 52,350.7970904311866,7,https://www.google.com/maps/dir/Colegio+Público+Leopoldo+Alas/Bicimad+Marqués+de+Corbera+52
Colegio Público Leopoldo Calvo Sotelo,CALLE CASTIELLO DE JACA 2,Manuel Caldeiro,Paseo de la Castellana nº 298,2644.234275542206,9,https://www.google.com/maps/dir/Colegio+Público+Leopoldo+Calvo+Sotelo/Bicimad+Manuel+Caldeiro
Colegio Público Lepanto,CALLE VALDERREY 9,Francos Rodríguez,Calle Francos Rodríguez nº 62,1953.2797897808086,8,https://www.google.com/maps/dir/Colegio+Público+Lepanto/Bicimad+Francos+Rodríguez
Colegio Público Lope de Vega,CALLE INGLATERRA 8,Marqués de Vadillo,Glorieta Marqués de Vadillo nº 9,845.2945381922733,4,https://www.google.com/maps/dir/Colegio+Público+Lope+de+Vega/Bicimad+Marqués+de+Vadillo
Colegio Público Lorenzo Luzuriaga,CALLE VALENCIA DE DON JUAN 13,Pedro Rico,Calle Pedro Rico nº 4,1591.7634377225793,2,https://www.google.com/maps/dir/Colegio+Público+Lorenzo+Luzuriaga/Bicimad+Pedro+Rico
Colegio Público Los Almendros,CALLE LADERA DE LOS ALMENDROS 45,Pavones,Calle Hacienda de Pavones nº 342,1082.7144193100312,11,https://www.google.com/maps/dir/Colegio+Público+Los+Almendros/Bicimad+Pavones
Colegio Público Los Rosales,AVENIDA LOS ROSALES 131,Embajadores 191,Calle Sodio nº 1B,4402.562118723822,8,https://www.google.com/maps/dir/Colegio+Público+Los+Rosales/Bicimad+Embajadores+191
Colegio Público Loyola de Palacio,CALLE EMBALSE DE NAVACERRADA 60,Pavones,Calle Hacienda de Pavones nº 342,5983.498610684637,11,https://www.google.com/maps/dir/Colegio+Público+Loyola+de+Palacio/Bicimad+Pavones
Colegio Público Luis Bello,CALLE LUIS CABRERA 66,Prosperidad,Calle Suero de Quiñones nº 2,184.9293595718927,6,https://www.google.com/maps/dir/Colegio+Público+Luis+Bello/Bicimad+Prosperidad
Colegio Público Luis Cernuda,CALLE CARRIL DEL CONDE 64,Carlota O’Neill,Calle Carlota O'Neill nº 32,2039.0570646904598,14,https://www.google.com/maps/dir/Colegio+Público+Luis+Cernuda/Bicimad+Carlota+O’Neill
Colegio Público Luis de Góngora,CALLE SARRIA 49,Francos Rodríguez,Calle Francos Rodríguez nº 62,2113.170504388948,8,https://www.google.com/maps/dir/Colegio+Público+Luis+de+Góngora/Bicimad+Francos+Rodríguez
Colegio Público Madrid Sur,CALLE PUERTO DE BALBARAN 133,Concordia,Calle Arroyo del Olivar nº 6,2254.6222156690224,2,https://www.google.com/maps/dir/Colegio+Público+Madrid+Sur/Bicimad+Concordia
Colegio Público Maestro Padilla,AVENIDA PESETA 112,Marqués de Vadillo,Glorieta Marqués de Vadillo nº 9,5244.204657720235,4,https://www.google.com/maps/dir/Colegio+Público+Maestro+Padilla/Bicimad+Marqués+de+Vadillo
Colegio Público Manuel Bartolomé Cossío,CALLE JOSE DE CADALSO 19,Caramuel,Calle Caramuel nº 51,5725.863329473751,5,https://www.google.com/maps/dir/Colegio+Público+Manuel+Bartolomé+Cossío/Bicimad+Caramuel
Colegio Público Manuel Núñez de Arenas,CALLE MARTOS 120,Concordia,Calle Arroyo del Olivar nº 6,2120.206685099238,2,https://www.google.com/maps/dir/Colegio+Público+Manuel+Núñez+de+Arenas/Bicimad+Concordia
Colegio Público Manuel Sáinz de Vicuña,CALLE CAMINO DE LOS VINATEROS 104,Plaza del Encuentro,Calle Arroyo de las Pilillas nº 6,388.85657744711807,19,https://www.google.com/maps/dir/Colegio+Público+Manuel+Sáinz+de+Vicuña/Bicimad+Plaza+del+Encuentro
Colegio Público Manuel de Falla,CALLE JOSE ORTU&amp;Ntilde;O PONCE 2,Glorieta de Cádiz,Calle Antonio López nº 129,4789.95730501057,12,https://www.google.com/maps/dir/Colegio+Público+Manuel+de+Falla/Bicimad+Glorieta+de+Cádiz
Colegio Público Marcelo Usera,CALLE PERALES DE TAJUÑA 1,Glorieta de Cádiz,Calle Antonio López nº 129,209.27037082254984,12,https://www.google.com/maps/dir/Colegio+Público+Marcelo+Usera/Bicimad+Glorieta+de+Cádiz
Colegio Público Margaret Thatcher,GLORIETA PLAYA DE SAN LORENZO 4,Carlota O’Neill,Calle Carlota O'Neill nº 32,7173.433061172259,14,https://www.google.com/maps/dir/Colegio+Público+Margaret+Thatcher/Bicimad+Carlota+O’Neill
Colegio Público Mariano José de Larra,CALLE LONGARES 11,Gutierre de Cetina,Calle Gutierre de Cetina nº 77,3573.026414810027,13,https://www.google.com/maps/dir/Colegio+Público+Mariano+José+de+Larra/Bicimad+Gutierre+de+Cetina
Colegio Público Marqués de Marcenado,CALLE LINNEO 31,Paseo Imperial,Paseo Imperial nº 20,473.37462691558505,11,https://www.google.com/maps/dir/Colegio+Público+Marqués+de+Marcenado/Bicimad+Paseo+Imperial
Colegio Público Marqués de Suanzes,AVENIDA VEINTICINCO DE SEPTIEMBRE 1,Gutierre de Cetina,Calle Gutierre de Cetina nº 77,2362.5209106374914,13,https://www.google.com/maps/dir/Colegio+Público+Marqués+de+Suanzes/Bicimad+Gutierre+de+Cetina
Colegio Público Martínez Montañés,CALLE HACIENDA DE PAVONES 223,Pavones,Calle Hacienda de Pavones nº 342,187.87579514545212,11,https://www.google.com/maps/dir/Colegio+Público+Martínez+Montañés/Bicimad+Pavones
Colegio Público María Moliner,CALLE ARCOS DE JALON 34,Gutierre de Cetina,Calle Gutierre de Cetina nº 77,2580.149918296601,13,https://www.google.com/maps/dir/Colegio+Público+María+Moliner/Bicimad+Gutierre+de+Cetina
Colegio Público María de Villota,CALLE ENRIQUE GARCIA ALVAREZ 11,Pavones,Calle Hacienda de Pavones nº 342,2953.753781684797,11,https://www.google.com/maps/dir/Colegio+Público+María+de+Villota/Bicimad+Pavones
Colegio Público Menéndez Pelayo,CALLE MENDEZ ALVARO 16,Atocha B,Paseo de la Infanta Isabel nº 3,256.1708782423962,27,https://www.google.com/maps/dir/Colegio+Público+Menéndez+Pelayo/Bicimad+Atocha+B
Colegio Público Menéndez Pidal,CALLE ENCOMIENDA DE PALACIOS 85,Pavones,Calle Hacienda de Pavones nº 342,733.0427178036704,11,https://www.google.com/maps/dir/Colegio+Público+Menéndez+Pidal/Bicimad+Pavones
Colegio Público Meseta de Orcasitas,CALLE CAMINO VIEJO DE VILLAVERDE 1,Glorieta de Cádiz,Calle Antonio López nº 129,2217.490782443814,12,https://www.google.com/maps/dir/Colegio+Público+Meseta+de+Orcasitas/Bicimad+Glorieta+de+Cádiz
Colegio Público Mesonero Romanos,CALLE PONT DE MOLINS 31,Pavones,Calle Hacienda de Pavones nº 342,1321.564131642511,11,https://www.google.com/maps/dir/Colegio+Público+Mesonero+Romanos/Bicimad+Pavones
Colegio Público Miguel Blasco Vilatela,CALLE HERMANOS GARCIA NOBLEJAS 70,Gutierre de Cetina,Calle Gutierre de Cetina nº 77,983.1511895346325,13,https://www.google.com/maps/dir/Colegio+Público+Miguel+Blasco+Vilatela/Bicimad+Gutierre+de+Cetina
Colegio Público Miguel Servet,CALLE FRAGATA 33,Caramuel,Calle Caramuel nº 51,1911.8707168585672,5,https://www.google.com/maps/dir/Colegio+Público+Miguel+Servet/Bicimad+Caramuel
Colegio Público Miguel de Unamuno,CALLE ALICANTE 5,Beata,Calle Alicante nº 3,28.06350383363121,16,https://www.google.com/maps/dir/Colegio+Público+Miguel+de+Unamuno/Bicimad+Beata
Colegio Público Mirasierra,CALLE LA MASO 22,Pedro Rico,Calle Pedro Rico nº 4,3081.2552534378196,2,https://www.google.com/maps/dir/Colegio+Público+Mirasierra/Bicimad+Pedro+Rico
Colegio Público Monte de El Pardo,AVENIDA GUARDIA 19,Facultad Derecho,Avenida Complutense nº 23,8897.937651032737,9,https://www.google.com/maps/dir/Colegio+Público+Monte+de+El+Pardo/Bicimad+Facultad+Derecho
Colegio Público Méjico (México),AVENIDA BADAJOZ 74,Carlota O’Neill,Calle Carlota O'Neill nº 32,207.86048973365786,14,https://www.google.com/maps/dir/Colegio+Público+Méjico+(México)/Bicimad+Carlota+O’Neill
Colegio Público Méndez Núñez,CALLE ALICUN 9,Chamartín,Calle Rodríguez Jaén nº 40,2829.6957618640527,7,https://www.google.com/maps/dir/Colegio+Público+Méndez+Núñez/Bicimad+Chamartín
Colegio Público Navas de Tolosa,CALLE BENIMAMET 109,Embajadores 191,Calle Sodio nº 1B,5032.0650804712905,8,https://www.google.com/maps/dir/Colegio+Público+Navas+de+Tolosa/Bicimad+Embajadores+191
Colegio Público Nuestra Señora de la Almudena,CALLE LOPE DE RUEDA 48,Retiro-Ibiza,Calle Ibiza nº 18,164.52819646313947,19,https://www.google.com/maps/dir/Colegio+Público+Nuestra+Señora+de+la+Almudena/Bicimad+Retiro-Ibiza
Colegio Público Nuestra Señora de la Concepción,CALLE VIRGEN DEL SAGRARIO 24,C.D. Concepción,Calle Jose del Hierro nº 5,188.92605620741026,6,https://www.google.com/maps/dir/Colegio+Público+Nuestra+Señora+de+la+Concepción/Bicimad+C.D.+Concepción
Colegio Público Nuestra Señora de la Fuencisla,CALLE TOMELLOSO 39,Glorieta de Cádiz,Calle Antonio López nº 129,997.2110167677862,12,https://www.google.com/maps/dir/Colegio+Público+Nuestra+Señora+de+la+Fuencisla/Bicimad+Glorieta+de+Cádiz
Colegio Público Nuestra Señora de la Luz,CALLE MAGNESIA 9,Glorieta de Cádiz,Calle Antonio López nº 129,5078.099405614983,12,https://www.google.com/maps/dir/Colegio+Público+Nuestra+Señora+de+la+Luz/Bicimad+Glorieta+de+Cádiz
Colegio Público Nuestra Señora de la Paloma,CALLE TABERNILLAS 2,Plaza de los Carros,Carrera de San Francisco nº 1,37.05888360296307,21,https://www.google.com/maps/dir/Colegio+Público+Nuestra+Señora+de+la+Paloma/Bicimad+Plaza+de+los+Carros
Colegio Público Nuestra Señora del Lucero,CALLE MUÑICO 1,Caramuel,Calle Caramuel nº 51,1583.5792704771727,5,https://www.google.com/maps/dir/Colegio+Público+Nuestra+Señora+del+Lucero/Bicimad+Caramuel
Colegio Público Nuria Espert,CALLE MARIA REICHE 34,Carlota O’Neill,Calle Carlota O'Neill nº 32,6446.511774672736,14,https://www.google.com/maps/dir/Colegio+Público+Nuria+Espert/Bicimad+Carlota+O’Neill
Colegio Público Pablo Picasso,CALLE ANGEL LUIS DE LA HERRAN 35,Carlota O’Neill,Calle Carlota O'Neill nº 32,3021.3218093895384,14,https://www.google.com/maps/dir/Colegio+Público+Pablo+Picasso/Bicimad+Carlota+O’Neill
Colegio Público Padre Coloma,CALLE GUTIERREZ CANALES 19,Gutierre de Cetina,Calle Gutierre de Cetina nº 77,3584.42651877257,13,https://www.google.com/maps/dir/Colegio+Público+Padre+Coloma/Bicimad+Gutierre+de+Cetina
Colegio Público Padre Mariana,RONDA SUR 145,Concordia,Calle Arroyo del Olivar nº 6,1963.017878345474,2,https://www.google.com/maps/dir/Colegio+Público+Padre+Mariana/Bicimad+Concordia
Colegio Público Padre Poveda,AVENIDA ALFONSO XIII 23,Corazón de María,Calle Santa Hortensia nº 31,786.5721618431452,7,https://www.google.com/maps/dir/Colegio+Público+Padre+Poveda/Bicimad+Corazón+de+María
Colegio Público Palacio Valdés,PASEO PRADO 38,Almadén,Calle Almadén nº 28,46.84302565113655,17,https://www.google.com/maps/dir/Colegio+Público+Palacio+Valdés/Bicimad+Almadén
Colegio Público Palomeras Bajas,CALLE FELIPE DE DIEGO 6,Concordia,Calle Arroyo del Olivar nº 6,1724.640565666263,2,https://www.google.com/maps/dir/Colegio+Público+Palomeras+Bajas/Bicimad+Concordia
Colegio Público Parque Aluche,CALLE QUERO 47,Caramuel,Calle Caramuel nº 51,4155.510557971418,5,https://www.google.com/maps/dir/Colegio+Público+Parque+Aluche/Bicimad+Caramuel
Colegio Público Parque Eugenia de Montijo,CALLE PARQUE EUGENIA DE MONTIJO 28,Caramuel,Calle Caramuel nº 51,4335.183796256954,5,https://www.google.com/maps/dir/Colegio+Público+Parque+Eugenia+de+Montijo/Bicimad+Caramuel
Colegio Público Pasamonte,AVENIDA DOCTOR GARCIA TAPIA 47,Marroquina,Calle Camino de los Vinateros nº 108,469.9540202684864,16,https://www.google.com/maps/dir/Colegio+Público+Pasamonte/Bicimad+Marroquina
Colegio Público Patriarca Obispo Eijo y Garay,CALLE LOPEZ DE HOYOS 40,Velázquez 130,Calle Velázquez nº 130,216.5089095960258,3,https://www.google.com/maps/dir/Colegio+Público+Patriarca+Obispo+Eijo+y+Garay/Bicimad+Velázquez+130
Colegio Público Pedro Duque,CALLE MARMOLINA 5,Pavones,Calle Hacienda de Pavones nº 342,3063.0985868910325,11,https://www.google.com/maps/dir/Colegio+Público+Pedro+Duque/Bicimad+Pavones
Colegio Público Perú,CALLE BALEARES 18,San Delfín,Calle San Delfín nº 9,586.3084050396877,3,https://www.google.com/maps/dir/Colegio+Público+Perú/Bicimad+San+Delfín
Colegio Público Pi I Margall,PLAZA DOS DE MAYO 2,San Andrés,Calle San Andrés nº 18,111.75136149570733,10,https://www.google.com/maps/dir/Colegio+Público+Pi+I+Margall/Bicimad+San+Andrés
Colegio Público Pinar de San José,CALLE PATRIMONIO DE LA HUMANIDAD 39,Caramuel,Calle Caramuel nº 51,6506.280741133302,5,https://www.google.com/maps/dir/Colegio+Público+Pinar+de+San+José/Bicimad+Caramuel
Colegio Público Pinar del Rey,AVENIDA SAN LUIS 23,Pío XII,Avenida Pío XII nº 3,2840.758821417243,5,https://www.google.com/maps/dir/Colegio+Público+Pinar+del+Rey/Bicimad+Pío+XII
Colegio Público Pintor Rosales,CALLE PRINCIPE DE VERGARA 139,María Francisca 1,Calle María Francisca nº 1,45.192902363908814,8,https://www.google.com/maps/dir/Colegio+Público+Pintor+Rosales/Bicimad+María+Francisca+1
Colegio Público Plácido Domingo,CALLE TEJO 5,Méndez Álvaro,Calle Retama nº 5,459.2780956249685,15,https://www.google.com/maps/dir/Colegio+Público+Plácido+Domingo/Bicimad+Méndez+Álvaro
Colegio Público Portugal,CALLE JUAN ALVAREZ MENDIZABAL 20,Ventura Rodríguez,Calle Duque de Liria,206.70688694151352,8,https://www.google.com/maps/dir/Colegio+Público+Portugal/Bicimad+Ventura+Rodríguez
Colegio Público Pradolongo,CALLE PARQUE DE LA PALOMA 9,San Delfín,Calle San Delfín nº 9,1929.8100728162085,3,https://www.google.com/maps/dir/Colegio+Público+Pradolongo/Bicimad+San+Delfín
Colegio Público Príncipe de Asturias,CALLE KANT 2,Pedro Rico,Calle Pedro Rico nº 4,6797.142667481166,2,https://www.google.com/maps/dir/Colegio+Público+Príncipe+de+Asturias/Bicimad+Pedro+Rico
Colegio Público Puerto Rico,CALLE SEGURA 74,Glorieta de Cádiz,Calle Antonio López nº 129,3173.101132742111,12,https://www.google.com/maps/dir/Colegio+Público+Puerto+Rico/Bicimad+Glorieta+de+Cádiz
Colegio Público Pío Baroja,CALLE LUIS DE HOYOS SAINZ 84,Pavones,Calle Hacienda de Pavones nº 342,514.7002870455005,11,https://www.google.com/maps/dir/Colegio+Público+Pío+Baroja/Bicimad+Pavones
Colegio Público Pío XII,CALLE DELFIN 2,Remonta,Calle Azucenas nº 1,580.6330627776532,4,https://www.google.com/maps/dir/Colegio+Público+Pío+XII/Bicimad+Remonta
Colegio Público Rabindranath Tagore,CALLE JULIO PALACIOS 35,Pedro Rico,Calle Pedro Rico nº 4,860.1594146363765,2,https://www.google.com/maps/dir/Colegio+Público+Rabindranath+Tagore/Bicimad+Pedro+Rico
Colegio Público Ramiro de Maeztu,CALLE SERRANO 127,Serrano 113,Calle Serrano nº 113B,115.16177403584352,4,https://www.google.com/maps/dir/Colegio+Público+Ramiro+de+Maeztu/Bicimad+Serrano+113
Colegio Público Ramón Gómez de la Serna,CALLE GODELLA 170,Embajadores 191,Calle Sodio nº 1B,5518.272852352714,8,https://www.google.com/maps/dir/Colegio+Público+Ramón+Gómez+de+la+Serna/Bicimad+Embajadores+191
Colegio Público Ramón María del Valle Inclán,CALLE ALCONERA 1,Gutierre de Cetina,Calle Gutierre de Cetina nº 77,2533.5688678366073,13,https://www.google.com/maps/dir/Colegio+Público+Ramón+María+del+Valle+Inclán/Bicimad+Gutierre+de+Cetina
Colegio Público Ramón Pérez de Ayala,CALLE MOTILLA DEL PALANCAR 19,Carlota O’Neill,Calle Carlota O'Neill nº 32,3071.2002917514305,14,https://www.google.com/maps/dir/Colegio+Público+Ramón+Pérez+de+Ayala/Bicimad+Carlota+O’Neill
Colegio Público Real Armada,CALLE CORREGIDOR JUAN FRANCISCO DE LUJAN 114,Marroquina,Calle Camino de los Vinateros nº 108,741.0263017428277,16,https://www.google.com/maps/dir/Colegio+Público+Real+Armada/Bicimad+Marroquina
Colegio Público Regimiento Inmemorial del Rey,AVENIDA MORATALAZ 51,Camino Vinateros,Calle Camino de los Vinateros nº 28,352.7995460611016,12,https://www.google.com/maps/dir/Colegio+Público+Regimiento+Inmemorial+del+Rey/Bicimad+Camino+Vinateros
Colegio Público Reina Victoria,CALLE PRINCIPE DE VERGARA 61,Diego de León 52,Calle Diego de León nº 52,179.26216959066213,6,https://www.google.com/maps/dir/Colegio+Público+Reina+Victoria/Bicimad+Diego+de+León+52
Colegio Público República Dominicana,RONDA DON BOSCO 2,Caramuel,Calle Caramuel nº 51,4510.35414719904,5,https://www.google.com/maps/dir/Colegio+Público+República+Dominicana/Bicimad+Caramuel
Colegio Público República de Brasil,AVENIDA FUEROS 34,Embajadores 191,Calle Sodio nº 1B,2095.49458011786,8,https://www.google.com/maps/dir/Colegio+Público+República+de+Brasil/Bicimad+Embajadores+191
Colegio Público República de Chile,CALLE CASTILLO DE UCLES 28,Gutierre de Cetina,Calle Gutierre de Cetina nº 77,1816.964341270508,13,https://www.google.com/maps/dir/Colegio+Público+República+de+Chile/Bicimad+Gutierre+de+Cetina
Colegio Público República de Colombia,PLAZA ALLOZ 3,Marqués de Vadillo,Glorieta Marqués de Vadillo nº 9,3374.9828617583894,4,https://www.google.com/maps/dir/Colegio+Público+República+de+Colombia/Bicimad+Marqués+de+Vadillo
Colegio Público República de Ecuador,CALLE VALLE DE ORO 41,Marqués de Vadillo,Glorieta Marqués de Vadillo nº 9,1528.1092394382654,4,https://www.google.com/maps/dir/Colegio+Público+República+de+Ecuador/Bicimad+Marqués+de+Vadillo
Colegio Público República de El Salvador,CALLE SACEDON 2,Glorieta de Cádiz,Calle Antonio López nº 129,4398.643906545586,12,https://www.google.com/maps/dir/Colegio+Público+República+de+El+Salvador/Bicimad+Glorieta+de+Cádiz
Colegio Público República de Panamá Nº 1,CALLE PEONES 2,Gutierre de Cetina,Calle Gutierre de Cetina nº 77,2632.165140754293,13,https://www.google.com/maps/dir/Colegio+Público+República+de+Panamá+Nº+1/Bicimad+Gutierre+de+Cetina
Colegio Público República de Paraguay,CALLE MANRESA 60,Pedro Rico,Calle Pedro Rico nº 4,1427.6932616433578,2,https://www.google.com/maps/dir/Colegio+Público+República+de+Paraguay/Bicimad+Pedro+Rico
Colegio Público República de Uruguay,AVENIDA NUESTRA SEÑORA DE VALVANERA 120,Caramuel,Calle Caramuel nº 51,2246.5203837556032,5,https://www.google.com/maps/dir/Colegio+Público+República+de+Uruguay/Bicimad+Caramuel
Colegio Público República de Venezuela,CALLE CERECINOS 8,San Delfín,Calle San Delfín nº 9,1356.2086324094507,3,https://www.google.com/maps/dir/Colegio+Público+República+de+Venezuela/Bicimad+San+Delfín
Colegio Público Rosa Luxemburgo,CALLE BARDEGUERAL 16,Facultad Derecho,Avenida Complutense nº 23,4709.3668783141375,9,https://www.google.com/maps/dir/Colegio+Público+Rosa+Luxemburgo/Bicimad+Facultad+Derecho
Colegio Público Rufino Blanco,CALLE GENERAL ALVAREZ DE CASTRO 46,Canal,Calle José Abascal frente al nº 2,162.314770575763,15,https://www.google.com/maps/dir/Colegio+Público+Rufino+Blanco/Bicimad+Canal
Colegio Público Sagunto,CALLE PATERNA 14,Embajadores 191,Calle Sodio nº 1B,5388.423471086323,8,https://www.google.com/maps/dir/Colegio+Público+Sagunto/Bicimad+Embajadores+191
Colegio Público San Benito,CALLE JUAN PEREZ ZUÑIGA 36,Carlota O’Neill,Calle Carlota O'Neill nº 32,235.1927631858491,14,https://www.google.com/maps/dir/Colegio+Público+San+Benito/Bicimad+Carlota+O’Neill
Colegio Público San Carlos,CALLE VILLASTAR 8,Glorieta de Cádiz,Calle Antonio López nº 129,5149.116318072955,12,https://www.google.com/maps/dir/Colegio+Público+San+Carlos/Bicimad+Glorieta+de+Cádiz
Colegio Público San Cristóbal,CALLE BRAVO MURILLO 41,Canal,Calle José Abascal frente al nº 2,156.66842958458437,15,https://www.google.com/maps/dir/Colegio+Público+San+Cristóbal/Bicimad+Canal
Colegio Público San Eugenio y San Isidro,CALLE PEÑUELAS 31,Paseo de la Esperanza,Paseo de la Esperanza nº 21,183.37352575900803,15,https://www.google.com/maps/dir/Colegio+Público+San+Eugenio+y+San+Isidro/Bicimad+Paseo+de+la+Esperanza
Colegio Público San Ignacio de Loyola,AVENIDA ABRANTES 1,Marqués de Vadillo,Glorieta Marqués de Vadillo nº 9,1597.5138698481471,4,https://www.google.com/maps/dir/Colegio+Público+San+Ignacio+de+Loyola/Bicimad+Marqués+de+Vadillo
Colegio Público San Ildefonso,CALLE ALFONSO VI 1,Segovia 26,Calle Segovia nº 26,178.56268141264414,18,https://www.google.com/maps/dir/Colegio+Público+San+Ildefonso/Bicimad+Segovia+26
Colegio Público San Isidoro,CALLE FUENTERRABIA 15,Puerta de Granada,Avenida de Menéndez Pelayo nº 38,185.39960697408648,12,https://www.google.com/maps/dir/Colegio+Público+San+Isidoro/Bicimad+Puerta+de+Granada
Colegio Público San Juan Bautista,CALLE SORZANO 1,Condesa de Venadito,Calle Condesa de Venadito nº 2,909.6583470669622,2,https://www.google.com/maps/dir/Colegio+Público+San+Juan+Bautista/Bicimad+Condesa+de+Venadito
Colegio Público San Juan Bosco,CALLE SANTA IRENE 2,Marqués de Corbera 52,Avenida Marqués de Corbera nº 52,745.8332887631806,7,https://www.google.com/maps/dir/Colegio+Público+San+Juan+Bosco/Bicimad+Marqués+de+Corbera+52
Colegio Público San Juan de la Cruz,CALLE HONDURAS 10,Pío XII,Avenida Pío XII nº 3,287.0906962878039,5,https://www.google.com/maps/dir/Colegio+Público+San+Juan+de+la+Cruz/Bicimad+Pío+XII
Colegio Público San Miguel,AVENIDA VIRGEN DEL CARMEN 32,Pío XII,Avenida Pío XII nº 3,3183.8962688698703,5,https://www.google.com/maps/dir/Colegio+Público+San+Miguel/Bicimad+Pío+XII
Colegio Público San Pablo,PLAZA PE&amp;Ntilde;A MORRAZ 1,Sierra Toledana,Camino de Valderribas nº 94,1468.7363969337268,10,https://www.google.com/maps/dir/Colegio+Público+San+Pablo/Bicimad+Sierra+Toledana
Colegio Público San Roque,CALLE OXIGENO 43,Glorieta de Cádiz,Calle Antonio López nº 129,4697.169830763138,12,https://www.google.com/maps/dir/Colegio+Público+San+Roque/Bicimad+Glorieta+de+Cádiz
Colegio Público Santa María,CALLE CASINO 7,Ribera de Curtidores,Calle Ribera de Curtidores nº 28,93.44977432375931,19,https://www.google.com/maps/dir/Colegio+Público+Santa+María/Bicimad+Ribera+de+Curtidores
Colegio Público Santo Domingo,CALLE SAN FELIU DE GUIXOLS 7,Pavones,Calle Hacienda de Pavones nº 342,1566.804665359985,11,https://www.google.com/maps/dir/Colegio+Público+Santo+Domingo/Bicimad+Pavones
Colegio Público Tirso de Molina,CALLE BRONCE 1,Embajadores 191,Calle Sodio nº 1B,413.6490609223847,8,https://www.google.com/maps/dir/Colegio+Público+Tirso+de+Molina/Bicimad+Embajadores+191
Colegio Público Tomás Bretón,CALLE ALEJANDRO DUMAS 4,Pirámides,Calle Toledo nº 181,237.2763589774561,15,https://www.google.com/maps/dir/Colegio+Público+Tomás+Bretón/Bicimad+Pirámides
Colegio Público Valdebernardo,CALLE TREN DE ARGANDA 9,Pavones,Calle Hacienda de Pavones nº 342,1898.5594070978811,11,https://www.google.com/maps/dir/Colegio+Público+Valdebernardo/Bicimad+Pavones
Colegio Público Vasco Núñez de Balboa,CALLE NUESTRA SEÑORA DE VALVERDE 149,Pedro Rico,Calle Pedro Rico nº 4,2051.076001652947,2,https://www.google.com/maps/dir/Colegio+Público+Vasco+Núñez+de+Balboa/Bicimad+Pedro+Rico
Colegio Público Vicálvaro,CALLE FORGES 15,Pavones,Calle Hacienda de Pavones nº 342,3771.5768718032487,11,https://www.google.com/maps/dir/Colegio+Público+Vicálvaro/Bicimad+Pavones
Colegio Público Virgen del Cerro,CALLE MOHERNANDO 1,Plaza del Encuentro,Calle Arroyo de las Pilillas nº 6,1161.3725289989222,19,https://www.google.com/maps/dir/Colegio+Público+Virgen+del+Cerro/Bicimad+Plaza+del+Encuentro
Colegio Público Virgen del Cortijo,AVENIDA MANOTERAS 63,Manuel Caldeiro,Paseo de la Castellana nº 298,2954.9378984875257,9,https://www.google.com/maps/dir/Colegio+Público+Virgen+del+Cortijo/Bicimad+Manuel+Caldeiro
Colegio Público Vázquez de Mella,CALLE BAILEN 18,Plaza de San Francisco,Plaza de San Francisco nº 5,144.77078777690048,24,https://www.google.com/maps/dir/Colegio+Público+Vázquez+de+Mella/Bicimad+Plaza+de+San+Francisco
Colegio Público Winston Churchill,AVENIDA GRAN VIA DEL ESTE 5,Pavones,Calle Hacienda de Pavones nº 342,4390.107730590746,11,https://www.google.com/maps/dir/Colegio+Público+Winston+Churchill/Bicimad+Pavones
Colegio Público de Practicas Asunción Rincón,AVENIDA FILIPINAS 5,Parque Santander,Calle Santander esquina con Avenida de Filipinas,349.3769005165445,13,https://www.google.com/maps/dir/Colegio+Público+de+Practicas+Asunción+Rincón/Bicimad+Parque+Santander
Colegio Público Álvaro de Bazan,CALLE ZURICH 10,Pavones,Calle Hacienda de Pavones nº 342,3854.840597174672,11,https://www.google.com/maps/dir/Colegio+Público+Álvaro+de+Bazan/Bicimad+Pavones
Escuela infantil municipal Agua Dulce,CALLE LEÑEROS 25,Pablo Iglesias,Calle Francisco Balseiro nº 1,329.8103153996904,16,https://www.google.com/maps/dir/Escuela+infantil+municipal+Agua+Dulce/Bicimad+Pablo+Iglesias
Escuela infantil municipal Altair,CALLE JOSE DE CADALSO 43,Caramuel,Calle Caramuel nº 51,5656.053381651263,5,https://www.google.com/maps/dir/Escuela+infantil+municipal+Altair/Bicimad+Caramuel
Escuela infantil municipal Amanecer,CALLE TITANIO 7,Pavones,Calle Hacienda de Pavones nº 342,3745.7614084674296,11,https://www.google.com/maps/dir/Escuela+infantil+municipal+Amanecer/Bicimad+Pavones
Escuela infantil municipal Ana de Austria,CALLE ANA DE AUSTRIA 32,Manuel Caldeiro,Paseo de la Castellana nº 298,3757.4467986473765,9,https://www.google.com/maps/dir/Escuela+infantil+municipal+Ana+de+Austria/Bicimad+Manuel+Caldeiro
Escuela infantil municipal Campanilla,CALLE AVILA 4,Estrecho,Calle Navarra nº 1,168.21795450608525,2,https://www.google.com/maps/dir/Escuela+infantil+municipal+Campanilla/Bicimad+Estrecho
Escuela infantil municipal Cielo Azul,BULEVAR INDALECIO PRIETO 16,Pavones,Calle Hacienda de Pavones nº 342,1502.6037750911887,11,https://www.google.com/maps/dir/Escuela+infantil+municipal+Cielo+Azul/Bicimad+Pavones
Escuela infantil municipal Doña Francisquita,CALLE CAMBADOS 1,Carlota O’Neill,Calle Carlota O'Neill nº 32,4418.494579245546,14,https://www.google.com/maps/dir/Escuela+infantil+municipal+Doña+Francisquita/Bicimad+Carlota+O’Neill
Escuela infantil municipal El Alba,CALLE TOLEDO 181,Pirámides,Calle Toledo nº 181,36.927471536962905,15,https://www.google.com/maps/dir/Escuela+infantil+municipal+El+Alba/Bicimad+Pirámides
Escuela infantil municipal El Barberillo de Lavapiés,CALLE GRANITO 32,Beata,Calle Alicante nº 3,402.20208074904787,16,https://www.google.com/maps/dir/Escuela+infantil+municipal+El+Barberillo+de+Lavapiés/Bicimad+Beata
Escuela infantil municipal El Bateo,CALLE PINOS DE OSUNA 3,Gutierre de Cetina,Calle Gutierre de Cetina nº 77,5946.702451323207,13,https://www.google.com/maps/dir/Escuela+infantil+municipal+El+Bateo/Bicimad+Gutierre+de+Cetina
Escuela infantil municipal El Bosque,CALLE DELICIAS 32,Batalla del Salado,Paseo Santa María de la Cabeza nº 29,43.64129648049801,15,https://www.google.com/maps/dir/Escuela+infantil+municipal+El+Bosque/Bicimad+Batalla+del+Salado
Escuela infantil municipal El Caserío,CALLE MARIA TERESA ROBLEDO 3,Concordia,Calle Arroyo del Olivar nº 6,1157.6214734576506,2,https://www.google.com/maps/dir/Escuela+infantil+municipal+El+Caserío/Bicimad+Concordia
Escuela infantil municipal El Duende,PLAZA DOS DE MAYO 2,San Andrés,Calle San Andrés nº 18,111.75136149570733,10,https://www.google.com/maps/dir/Escuela+infantil+municipal+El+Duende/Bicimad+San+Andrés
Escuela infantil municipal El Lirón,CALLE PICO DE LOS ARTILLEROS 123,Marroquina,Calle Camino de los Vinateros nº 108,878.7045350859293,16,https://www.google.com/maps/dir/Escuela+infantil+municipal+El+Lirón/Bicimad+Marroquina
Escuela infantil municipal El Manantial,CALLE CARLOS FUENTES 2,Caramuel,Calle Caramuel nº 51,1884.9653132475182,5,https://www.google.com/maps/dir/Escuela+infantil+municipal+El+Manantial/Bicimad+Caramuel
Escuela infantil municipal El Olivar,CALLE OLIVAR 48,Jesús y María,Calle Lavapiés nº 34,125.37669933021725,5,https://www.google.com/maps/dir/Escuela+infantil+municipal+El+Olivar/Bicimad+Jesús+y+María
Escuela infantil municipal El Rocío,CARRETERA CARABANCHEL A VILLAVERDE 107,Glorieta de Cádiz,Calle Antonio López nº 129,4289.1594496577945,12,https://www.google.com/maps/dir/Escuela+infantil+municipal+El+Rocío/Bicimad+Glorieta+de+Cádiz
Escuela infantil municipal El Sol,CALLE ENRIQUE JARDIEL PONCELA 8,Pío XII,Avenida Pío XII nº 3,760.5589720833337,5,https://www.google.com/maps/dir/Escuela+infantil+municipal+El+Sol/Bicimad+Pío+XII
Escuela infantil municipal Escuelas de San Antón,CALLE FARMACIA 13,Colegio Arquitectos,Calle Hortaleza nº 63,55.4809083265858,16,https://www.google.com/maps/dir/Escuela+infantil+municipal+Escuelas+de+San+Antón/Bicimad+Colegio+Arquitectos
Escuela infantil municipal Fernando el Católico,CALLE FERNANDO EL CATOLICO 16,Fernando el Católico,Calle Fernando el Católico nº 19,147.7415517511611,6,https://www.google.com/maps/dir/Escuela+infantil+municipal+Fernando+el+Católico/Bicimad+Fernando+el+Católico
Escuela infantil municipal Gigantes y Cabezudos,CALLE RAFAEL BERGAMIN 28,Condesa de Venadito,Calle Condesa de Venadito nº 2,873.6103565107443,2,https://www.google.com/maps/dir/Escuela+infantil+municipal+Gigantes+y+Cabezudos/Bicimad+Condesa+de+Venadito
Escuela infantil municipal Hiedra,CALLE AMPOSTA 34,Gutierre de Cetina,Calle Gutierre de Cetina nº 77,2541.9705080811364,13,https://www.google.com/maps/dir/Escuela+infantil+municipal+Hiedra/Bicimad+Gutierre+de+Cetina
Escuela infantil municipal La Alegría de la Huerta,CALLE HELSINKI 2,Gutierre de Cetina,Calle Gutierre de Cetina nº 77,4318.582736705867,13,https://www.google.com/maps/dir/Escuela+infantil+municipal+La+Alegría+de+la+Huerta/Bicimad+Gutierre+de+Cetina
Escuela infantil municipal La Brisa,AVENIDA ASTURIAS 72,Remonta,Calle Azucenas nº 1,1153.1865666658014,4,https://www.google.com/maps/dir/Escuela+infantil+municipal+La+Brisa/Bicimad+Remonta
Escuela infantil municipal La Bruja Avería - Lolo Rico,CALLE RODAS 20,Plaza de Nelson Mandela,Calle Mesón de Paredes nº 35,317.85559575149813,10,https://www.google.com/maps/dir/Escuela+infantil+municipal+La+Bruja+Avería+-+Lolo+Rico/Bicimad+Plaza+de+Nelson+Mandela
Escuela infantil municipal La Caracola,CALLE BELORADO 1,Pedro Rico,Calle Pedro Rico nº 4,877.5757588856253,2,https://www.google.com/maps/dir/Escuela+infantil+municipal+La+Caracola/Bicimad+Pedro+Rico
Escuela infantil municipal La Chulapona,CALLE BAHIA DE PALMA 13,Gutierre de Cetina,Calle Gutierre de Cetina nº 77,6584.274983083323,13,https://www.google.com/maps/dir/Escuela+infantil+municipal+La+Chulapona/Bicimad+Gutierre+de+Cetina
Escuela infantil municipal La Colina,CALLE NUESTRA SEÑORA DE ARACELI 2,Gutierre de Cetina,Calle Gutierre de Cetina nº 77,8357.094603404386,13,https://www.google.com/maps/dir/Escuela+infantil+municipal+La+Colina/Bicimad+Gutierre+de+Cetina
Escuela infantil municipal La Cornisa,CALLE CRISTO DE LA VICTORIA 23,Glorieta de Cádiz,Calle Antonio López nº 129,883.6304952231462,12,https://www.google.com/maps/dir/Escuela+infantil+municipal+La+Cornisa/Bicimad+Glorieta+de+Cádiz
Escuela infantil municipal La Corte de Faraón,CALLE CHANTADA 41,Francos Rodríguez,Calle Francos Rodríguez nº 62,1988.7062495675382,8,https://www.google.com/maps/dir/Escuela+infantil+municipal+La+Corte+de+Faraón/Bicimad+Francos+Rodríguez
Escuela infantil municipal La Gran Vía,CALLE SILVANO 99,Carlota O’Neill,Calle Carlota O'Neill nº 32,2672.79605392377,14,https://www.google.com/maps/dir/Escuela+infantil+municipal+La+Gran+Vía/Bicimad+Carlota+O’Neill
Escuela infantil municipal La Luna,CALLE BENIMAMET 109,Embajadores 191,Calle Sodio nº 1B,5032.0650804712905,8,https://www.google.com/maps/dir/Escuela+infantil+municipal+La+Luna/Bicimad+Embajadores+191
Escuela infantil municipal La Melonera,CALLE EROS 2,Méndez Álvaro,Calle Retama nº 5,520.7819103748888,15,https://www.google.com/maps/dir/Escuela+infantil+municipal+La+Melonera/Bicimad+Méndez+Álvaro
Escuela infantil municipal La Oliva,CALLE GAINZA 46,Glorieta de Cádiz,Calle Antonio López nº 129,3089.1981011128587,12,https://www.google.com/maps/dir/Escuela+infantil+municipal+La+Oliva/Bicimad+Glorieta+de+Cádiz
Escuela infantil municipal La Paloma,CALLE TABERNILLAS 2,Plaza de los Carros,Carrera de San Francisco nº 1,37.05888360296307,21,https://www.google.com/maps/dir/Escuela+infantil+municipal+La+Paloma/Bicimad+Plaza+de+los+Carros
Escuela infantil municipal La Patria Chica,CALLE PATRIMONIO DE LA HUMANIDAD 31,Caramuel,Calle Caramuel nº 51,6529.866935204619,5,https://www.google.com/maps/dir/Escuela+infantil+municipal+La+Patria+Chica/Bicimad+Caramuel
Escuela infantil municipal La Revoltosa,CALLE JOSE ANTONIO REBOLLEDO Y PALMA 18,Pavones,Calle Hacienda de Pavones nº 342,6362.815863162223,11,https://www.google.com/maps/dir/Escuela+infantil+municipal+La+Revoltosa/Bicimad+Pavones
Escuela infantil municipal La Rosa del Azafrán,CALLE CUEVA DE MONTESINOS 2,Pedro Rico,Calle Pedro Rico nº 4,2161.6028446470655,2,https://www.google.com/maps/dir/Escuela+infantil+municipal+La+Rosa+del+Azafrán/Bicimad+Pedro+Rico
Escuela infantil municipal La Verbena de la Paloma,CALLE FUERTE DE NAVIDAD 17,Caramuel,Calle Caramuel nº 51,5263.940804618286,5,https://www.google.com/maps/dir/Escuela+infantil+municipal+La+Verbena+de+la+Paloma/Bicimad+Caramuel
Escuela infantil municipal La del Manojo de Rosas,CALLE RAVENA 12,Pavones,Calle Hacienda de Pavones nº 342,2855.192232825386,11,https://www.google.com/maps/dir/Escuela+infantil+municipal+La+del+Manojo+de+Rosas/Bicimad+Pavones
Escuela infantil municipal La del Soto del Parral,CALLE TROMPAS 19,Caramuel,Calle Caramuel nº 51,6055.379786643666,5,https://www.google.com/maps/dir/Escuela+infantil+municipal+La+del+Soto+del+Parral/Bicimad+Caramuel
Escuela infantil municipal Las Amapolas,CALLE OBOLO 14,Marqués de Vadillo,Glorieta Marqués de Vadillo nº 9,4126.031650015412,4,https://www.google.com/maps/dir/Escuela+infantil+municipal+Las+Amapolas/Bicimad+Marqués+de+Vadillo
Escuela infantil municipal Las Azaleas,CALLE PORTUGALETE 6,Gutierre de Cetina,Calle Gutierre de Cetina nº 77,733.574332299358,13,https://www.google.com/maps/dir/Escuela+infantil+municipal+Las+Azaleas/Bicimad+Gutierre+de+Cetina
Escuela infantil municipal Las Leandras,CALLE DEYANIRA 2,Gutierre de Cetina,Calle Gutierre de Cetina nº 77,5471.053946706668,13,https://www.google.com/maps/dir/Escuela+infantil+municipal+Las+Leandras/Bicimad+Gutierre+de+Cetina
Escuela infantil municipal Las Mercedes,CALLE SAMANIEGO 22,Gutierre de Cetina,Calle Gutierre de Cetina nº 77,6906.6866634964845,13,https://www.google.com/maps/dir/Escuela+infantil+municipal+Las+Mercedes/Bicimad+Gutierre+de+Cetina
Escuela infantil municipal Las Nubes,CALLE ANTONIO NEBRIJA 7,Méndez Álvaro,Calle Méndez Álvaro nº 11,346.89181869475044,5,https://www.google.com/maps/dir/Escuela+infantil+municipal+Las+Nubes/Bicimad+Méndez+Álvaro
Escuela infantil municipal Las Pléyades,AVENIDA SECUNDINO ZUAZO 34,Carlota O’Neill,Calle Carlota O'Neill nº 32,6571.467112466235,14,https://www.google.com/maps/dir/Escuela+infantil+municipal+Las+Pléyades/Bicimad+Carlota+O’Neill
Escuela infantil municipal Las Viñas,CALLE ESTUDIO 6,Facultad Derecho,Avenida Complutense nº 23,6372.656651466712,9,https://www.google.com/maps/dir/Escuela+infantil+municipal+Las+Viñas/Bicimad+Facultad+Derecho
Escuela infantil municipal Los Gavilanes,CALLE TIZIANO 7,Estrecho,Calle Navarra nº 1,283.714189685921,2,https://www.google.com/maps/dir/Escuela+infantil+municipal+Los+Gavilanes/Bicimad+Estrecho
Escuela infantil municipal Los Juncos,PLAZA JUVENTUD 7,Pavones,Calle Hacienda de Pavones nº 342,3358.428428830191,11,https://www.google.com/maps/dir/Escuela+infantil+municipal+Los+Juncos/Bicimad+Pavones
Escuela infantil municipal Los Pinos,CALLE ROCAFORT 2,Embajadores 191,Calle Sodio nº 1B,5345.620250454459,8,https://www.google.com/maps/dir/Escuela+infantil+municipal+Los+Pinos/Bicimad+Embajadores+191
Escuela infantil municipal Los sobrinos del Capitan Grant,AVENIDA LA GAVIA 22,Pavones,Calle Hacienda de Pavones nº 342,3929.7513355932124,11,https://www.google.com/maps/dir/Escuela+infantil+municipal+Los+sobrinos+del+Capitan+Grant/Bicimad+Pavones
Escuela infantil municipal Luis Bello,CALLE JUAN BAUTISTA DE TOLEDO 5,Prosperidad,Calle Suero de Quiñones nº 2,142.08497620184932,6,https://www.google.com/maps/dir/Escuela+infantil+municipal+Luis+Bello/Bicimad+Prosperidad
Escuela infantil municipal Luisa Fernanda,CALLE COCHERON DE LA VILLA 29,Pavones,Calle Hacienda de Pavones nº 342,2103.611452817117,11,https://www.google.com/maps/dir/Escuela+infantil+municipal+Luisa+Fernanda/Bicimad+Pavones
Escuela infantil municipal Margarita Salas,CALLE CAVANILLES 58,Valderribas,Calle Doctor Esquerdo nº 191,130.4650608715753,17,https://www.google.com/maps/dir/Escuela+infantil+municipal+Margarita+Salas/Bicimad+Valderribas
Escuela infantil municipal Molinos de Viento,CAMINO FUENTE DE ARRIBA 4,Pavones,Calle Hacienda de Pavones nº 342,2769.893666905914,11,https://www.google.com/maps/dir/Escuela+infantil+municipal+Molinos+de+Viento/Bicimad+Pavones
Escuela infantil municipal Osa Menor,CALLE MEJIA LEQUERICA 21,Barceló,Calle Barceló nº 7,182.72020138940795,17,https://www.google.com/maps/dir/Escuela+infantil+municipal+Osa+Menor/Bicimad+Barceló
Escuela infantil municipal Parque de Ingenieros,CALLE LA TABERNERA DEL PUERTO 26,Glorieta de Cádiz,Calle Antonio López nº 129,3798.99304311282,12,https://www.google.com/maps/dir/Escuela+infantil+municipal+Parque+de+Ingenieros/Bicimad+Glorieta+de+Cádiz
Escuela infantil municipal Ruiz Jiménez,CALLE JOSE PICON 17,Diego de león,Calle Alonso Heredia nº 1,188.19400639544492,3,https://www.google.com/maps/dir/Escuela+infantil+municipal+Ruiz+Jiménez/Bicimad+Diego+de+león
Escuela infantil municipal Tarabilla,CALLE GANDHI 14,Gutierre de Cetina,Calle Gutierre de Cetina nº 77,949.0645010612133,13,https://www.google.com/maps/dir/Escuela+infantil+municipal+Tarabilla/Bicimad+Gutierre+de+Cetina
Escuela infantil municipal VeoVeo,CALLE CONDESA DE VENADITO 3,Condesa de Venadito,Calle Condesa de Venadito nº 2,255.29561463922857,2,https://www.google.com/maps/dir/Escuela+infantil+municipal+VeoVeo/Bicimad+Condesa+de+Venadito
